id,name,description
123456789012345,Product 1,Description for product 1
234567890123456,Product 2,Description for product 2
345678901234567,Product 3,Description for product 3
456789012345678,Product 4,Description for product 4
567890123456789,Product 5,Description for product 5
678901234567890,Product 6,Description for product 6
789012345678901,Product 7,Description for product 7
890123456789012,Product 8,Description for product 8
901234567890123,Product 9,Description for product 9
012345678901234,Product 10,Description for product 10
123456789012346,Product 11,Description for product 11
234567890123457,Product 12,Description for product 12
345678901234568,Product 13,Description for product 13
456789012345679,Product 14,Description for product 14
567890123456780,Product 15,Description for product 15
678901234567891,Product 16,Description for product 16
789012345678902,Product 17,Description for product 17
890123456789013,Product 18,Description for product 18
901234567890124,Product 19,Description for product 19
012345678901235,Product 20,Description for product 20
123456789012347,Product 21,Description for product 21
234567890123458,Product 22,Description for product 22
345678901234569,Product 23,Description for product 23
456789012345680,Product 24,Description for product 24
567890123456781,Product 25,Description for product 25
678901234567892,Product 26,Description for product 26
789012345678903,Product 27,Description for product 27
890123456789014,Product 28,Description for product 28
901234567890125,Product 29,Description for product 29
012345678901236,Product 30,Description for product 30
123456789012348,Product 31,Description for product 31
234567890123459,Product 32,Description for product 32
345678901234570,Product 33,Description for product 33
456789012345681,Product 34,Description for product 34
567890123456782,Product 35,Description for product 35
678901234567893,Product 36,Description for product 36
789012345678904,Product 37,Description for product 37
890123456789015,Product 38,Description for product 38
901234567890126,Product 39,Description for product 39
012345678901237,Product 40,Description for product 40
123456789012349,Product 41,Description for product 41
234567890123460,Product 42,Description for product 42
345678901234571,Product 43,Description for product 43
456789012345682,Product 44,Description for product 44
567890123456783,Product 45,Description for product 45
678901234567894,Product 46,Description for product 46
789012345678905,Product 47,Description for product 47
890123456789016,Product 48,Description for product 48
901234567890127,Product 49,Description for product 49
012345678901238,Product 50,Description for product 50
